<?xml version="1.0" encoding="UTF-8"?>
<metadata xml:lang="es"><Esri><CreaDate>20210430</CreaDate><CreaTime>10495300</CreaTime><ArcGISFormat>1.0</ArcGISFormat><ArcGISstyle>Item Description</ArcGISstyle><SyncOnce>FALSE</SyncOnce><DataProperties><lineage><Process ToolSource="c:\program files (x86)\arcgis\desktop10.1\ArcToolbox\Toolboxes\Data Management Tools.tbx\TruncateTable" Date="20160331" Time="110810">TruncateTable "D:\Contenedor PINZON\Trabajo\2016\01 MR\MR_V.03.16\04 Base de Datos\MR_0316.gdb\Area_Catastral\Manz"</Process><Process ToolSource="c:\program files (x86)\arcgis\desktop10.1\ArcToolbox\Toolboxes\Data Management Tools.tbx\TruncateTable" Date="20160712" Time="094018">TruncateTable "D:\Contenedor PINZON\Trabajo\2016\01 MR\MR_V.06.16\06 base de datos\MR_0616.gdb\Area_Catastral\Manz"</Process><Process ToolSource="c:\arcgis\desktop10.4\ArcToolbox\Toolboxes\Data Management Tools.tbx\TruncateTable" Date="20170221" Time="144746">TruncateTable C:\Users\catastro\Documents\conexion\AZURE@ORDENAMIENTOTERRITORIAL.sde\ORDENAMIENTOTERRITORIAL.Catastro\ORDENAMIENTOTERRITORIAL.Catastro_Manz</Process><Process ToolSource="c:\arcgis\desktop10.4\ArcToolbox\Toolboxes\Data Management Tools.tbx\Append" Date="20170221" Time="144920">Append C:\Users\catastro\Downloads\MR_1216_3857\MR_1216_3857.gdb\Area_Catastral_wgs84\Manz_1 C:\Users\catastro\Documents\conexion\AZURE@ORDENAMIENTOTERRITORIAL.sde\ORDENAMIENTOTERRITORIAL.Catastro\ORDENAMIENTOTERRITORIAL.Catastro_Manz NO_TEST "MANCODIGO "Identificador unico de la manzana" true true false 9 Text 0 0 ,First,#,C:\Users\catastro\Downloads\MR_1216_3857\MR_1216_3857.gdb\Area_Catastral_wgs84\Manz_1,ManCodigo,-1,-1;SECCODIGO "Codigo Sector" true true false 6 Text 0 0 ,First,#,C:\Users\catastro\Downloads\MR_1216_3857\MR_1216_3857.gdb\Area_Catastral_wgs84\Manz_1,SecCodigo,-1,-1;SHAPE.AREA "SHAPE.AREA" false false true 0 Double 0 0 ,First,#;SHAPE.LEN "SHAPE.LEN" false false true 0 Double 0 0 ,First,#" #</Process><Process Name="Truncate Table" ToolSource="c:\arcgis\desktop10.4\ArcToolbox\Toolboxes\Data Management Tools.tbx\TruncateTable" Date="20170412" Time="124124">TruncateTable C:\Users\catastro\Documents\conexion\AZURE@ORDENAMIENTOTERRITORIAL.sde\ORDENAMIENTOTERRITORIAL.Catastro\ORDENAMIENTOTERRITORIAL.Catastro_Manz</Process><Process Name="Append" ToolSource="c:\arcgis\desktop10.4\ArcToolbox\Toolboxes\Data Management Tools.tbx\Append" Date="20170412" Time="124230">Append C:\Users\catastro\Documents\IDECA\MR_0317_4326\MR_0317_4326.gdb\Area_Catastral\Manz C:\Users\catastro\Documents\conexion\AZURE@ORDENAMIENTOTERRITORIAL.sde\ORDENAMIENTOTERRITORIAL.Catastro\ORDENAMIENTOTERRITORIAL.Catastro_Manz TEST # #</Process><Process Name="Truncate Table" ToolSource="c:\program files (x86)\arcgis\desktop10.4\ArcToolbox\Toolboxes\Data Management Tools.tbx\TruncateTable" Date="20170714" Time="110610">TruncateTable D:\dagonzalez\08_BDG\CONEXIONES_BDG\Azure\AZURE@ORDENAMIENTOTERRITORIAL.sde\ORDENAMIENTOTERRITORIAL.Catastro\ORDENAMIENTOTERRITORIAL.Catastro_Manz</Process><Process Name="Append" ToolSource="c:\program files (x86)\arcgis\desktop10.4\ArcToolbox\Toolboxes\Data Management Tools.tbx\Append" Date="20170714" Time="120252">Append D:\dagonzalez\02_MapaBase\Plantilla_MR06.17-v13\MR_0617_4326.gdb\Area_Catastral\Manz D:\dagonzalez\08_BDG\CONEXIONES_BDG\Azure\AZURE@ORDENAMIENTOTERRITORIAL.sde\ORDENAMIENTOTERRITORIAL.Catastro\ORDENAMIENTOTERRITORIAL.Catastro_Manz TEST # #</Process><Process Name="Truncate Table" ToolSource="c:\program files (x86)\arcgis\desktop10.4\ArcToolbox\Toolboxes\Data Management Tools.tbx\TruncateTable" Date="20171025" Time="132645">TruncateTable C:\Users\catastro\Documents\conexion\AZURE@ORDENAMIENTOTERRITORIAL.sde\ORDENAMIENTOTERRITORIAL.Catastro\ORDENAMIENTOTERRITORIAL.Catastro_Manz</Process><Process Name="Append" ToolSource="c:\program files (x86)\arcgis\desktop10.4\ArcToolbox\Toolboxes\Data Management Tools.tbx\Append" Date="20171025" Time="132820">Append C:\Users\catastro\Documents\IDECA\MR_0917_4326\MR_0917_4326.gdb\Area_Catastral\Manz C:\Users\catastro\Documents\conexion\AZURE@ORDENAMIENTOTERRITORIAL.sde\ORDENAMIENTOTERRITORIAL.Catastro\ORDENAMIENTOTERRITORIAL.Catastro_Manz TEST # #</Process><Process Name="Truncate Table" ToolSource="c:\program files (x86)\arcgis\desktop10.4\ArcToolbox\Toolboxes\Data Management Tools.tbx\TruncateTable" Date="20180130" Time="134056">TruncateTable C:\Users\catastro\Documents\conexion\AZURE@ORDENAMIENTOTERRITORIAL.sde\ORDENAMIENTOTERRITORIAL.Catastro\ORDENAMIENTOTERRITORIAL.Catastro_Manz</Process><Process Name="Append" ToolSource="c:\program files (x86)\arcgis\desktop10.4\ArcToolbox\Toolboxes\Data Management Tools.tbx\Append" Date="20180130" Time="134220">Append C:\Users\catastro\Documents\IDECA\MR_1217_4326.gdb\Area_Catastral\Manz C:\Users\catastro\Documents\conexion\AZURE@ORDENAMIENTOTERRITORIAL.sde\ORDENAMIENTOTERRITORIAL.Catastro\ORDENAMIENTOTERRITORIAL.Catastro_Manz TEST # #</Process><Process Name="Truncate Table" ToolSource="c:\program files (x86)\arcgis\desktop10.4\ArcToolbox\Toolboxes\Data Management Tools.tbx\TruncateTable" Date="20180418" Time="115616">TruncateTable C:\Users\catastro\Documents\conexion\AZURE@ORDENAMIENTOTERRITORIAL.sde\ORDENAMIENTOTERRITORIAL.Catastro\ORDENAMIENTOTERRITORIAL.Catastro_Manz</Process><Process Name="Append" ToolSource="c:\program files (x86)\arcgis\desktop10.4\ArcToolbox\Toolboxes\Data Management Tools.tbx\Append" Date="20180418" Time="115803">Append C:\Users\catastro\Documents\IDECA\MR_4326.gdb\Area_Catastral\Manz C:\Users\catastro\Documents\conexion\AZURE@ORDENAMIENTOTERRITORIAL.sde\ORDENAMIENTOTERRITORIAL.Catastro\ORDENAMIENTOTERRITORIAL.Catastro_Manz TEST # #</Process><Process ToolSource="c:\program files (x86)\arcgis\desktop10.5\ArcToolbox\Toolboxes\Data Management Tools.tbx\TruncateTable" Date="20180730" Time="130836">TruncateTable C:\Users\catastro\Documents\conexion\AZURE@ORDENAMIENTOTERRITORIAL.sde\ORDENAMIENTOTERRITORIAL.Catastro\ORDENAMIENTOTERRITORIAL.Catastro_Manz</Process><Process ToolSource="c:\program files (x86)\arcgis\desktop10.5\ArcToolbox\Toolboxes\Data Management Tools.tbx\Append" Date="20180730" Time="131559">Append C:\Users\catastro\Documents\IDECA\MR_0618_4326.gdb\Area_Catastral\Manz C:\Users\catastro\Documents\conexion\AZURE@ORDENAMIENTOTERRITORIAL.sde\ORDENAMIENTOTERRITORIAL.Catastro\ORDENAMIENTOTERRITORIAL.Catastro_Manz TEST # #</Process><Process Name="Append" ToolSource="c:\program files (x86)\arcgis\desktop10.5\ArcToolbox\Toolboxes\Data Management Tools.tbx\Append" Date="20181019" Time="112236">Append C:\Users\catastro\Documents\IDECA\MR_4326.gdb\Area_Catastral\Manz C:\Users\catastro\Documents\conexion\AZURE@ORDENAMIENTOTERRITORIAL.sde\ORDENAMIENTOTERRITORIAL.Catastro\ORDENAMIENTOTERRITORIAL.Catastro_Manz TEST # #</Process><Process Name="Truncate Table" ToolSource="c:\program files (x86)\arcgis\desktop10.5\ArcToolbox\Toolboxes\Data Management Tools.tbx\TruncateTable" Date="20190207" Time="152518">TruncateTable "Database Connections\AZURE@ORDENAMIENTOTERRITORIAL.sde\ORDENAMIENTOTERRITORIAL.Catastro\ORDENAMIENTOTERRITORIAL.Catastro_Manz"</Process><Process Name="Append" ToolSource="c:\program files (x86)\arcgis\desktop10.5\ArcToolbox\Toolboxes\Data Management Tools.tbx\Append" Date="20190207" Time="153304">Append C:\Users\Ideca\Documents\mr_4326.gdb\Area_Catastral\Manz "Database Connections\AZURE@ORDENAMIENTOTERRITORIAL.sde\ORDENAMIENTOTERRITORIAL.Catastro\ORDENAMIENTOTERRITORIAL.Catastro_Manz" TEST # #</Process><Process ToolSource="c:\program files (x86)\arcgis\desktop10.5\ArcToolbox\Toolboxes\Data Management Tools.tbx\DeleteFeatures" Date="20190502" Time="153804">DeleteFeatures "Database Connections\AZURE@dagonzalez.sde\ORDENAMIENTOTERRITORIAL.Catastro\ORDENAMIENTOTERRITORIAL.Catastro_Manz"</Process><Process ToolSource="c:\program files (x86)\arcgis\desktop10.5\ArcToolbox\Toolboxes\Data Management Tools.tbx\Append" Date="20190502" Time="175940">Append C:\Users\Ideca\Documents\datos\MR_4326.gdb\Area_Catastral\Manz "Database Connections\AZURE@dagonzalez.sde\ORDENAMIENTOTERRITORIAL.Catastro\ORDENAMIENTOTERRITORIAL.Catastro_Manz" TEST # #</Process><Process ToolSource="c:\program files\arcgis\server\ArcToolbox\Toolboxes\Data Management Tools.tbx\TruncateTable" Date="20190729" Time="154343">TruncateTable E:\CargueInformacion\MapasPro.sde\ORDENAMIENTOTERRITORIAL.Catastro\ORDENAMIENTOTERRITORIAL.Catastro_Manz</Process><Process ToolSource="c:\program files\arcgis\server\ArcToolbox\Toolboxes\Data Management Tools.tbx\Append" Date="20190729" Time="154746">Append E:\CargueInformacion\scratch.gdb\ManzproW E:\CargueInformacion\MapasPro.sde\ORDENAMIENTOTERRITORIAL.Catastro\ORDENAMIENTOTERRITORIAL.Catastro_Manz NO_TEST "MANCODIGO "Identificador unico de la manzana" true true false 9 Text 0 0 ,First,#,E:\CargueInformacion\MapasPro.sde\ORDENAMIENTOTERRITORIAL.Catastro\ORDENAMIENTOTERRITORIAL.Catastro_Manz,MANCODIGO,-1,-1;SECCODIGO "Codigo Sector" true true false 6 Text 0 0 ,First,#,E:\CargueInformacion\MapasPro.sde\ORDENAMIENTOTERRITORIAL.Catastro\ORDENAMIENTOTERRITORIAL.Catastro_Manz,SECCODIGO,-1,-1;SHAPE_AREA "SHAPE_AREA" false false true 0 Double 0 0 ,First,#,E:\CargueInformacion\MapasPro.sde\ORDENAMIENTOTERRITORIAL.Catastro\ORDENAMIENTOTERRITORIAL.Catastro_Manz,SHAPE.AREA,-1,-1;SHAPE_LEN "SHAPE_LEN" false false true 0 Double 0 0 ,First,#,E:\CargueInformacion\MapasPro.sde\ORDENAMIENTOTERRITORIAL.Catastro\ORDENAMIENTOTERRITORIAL.Catastro_Manz,SHAPE.LEN,-1,-1;MANCODIGO "Manzana_ID" true true false 9 Text 0 0 ,First,#,E:\CargueInformacion\scratch.gdb\ManzproW,MANMANZ_ID,-1,-1;SECCODIGO "Sector_ID" true true false 6 Text 0 0 ,First,#,E:\CargueInformacion\scratch.gdb\ManzproW,MANSECT_ID,-1,-1" #</Process><Process ToolSource="c:\program files\arcgis\server\ArcToolbox\Toolboxes\Data Management Tools.tbx\TruncateTable" Date="20190825" Time="180447">TruncateTable E:\CargueInformacion\MapasPro.sde\ORDENAMIENTOTERRITORIAL.Catastro\ORDENAMIENTOTERRITORIAL.Catastro_Manz</Process><Process ToolSource="c:\program files\arcgis\server\ArcToolbox\Toolboxes\Data Management Tools.tbx\Append" Date="20190825" Time="180916">Append E:\CargueInformacion\scratch.gdb\ManzproW E:\CargueInformacion\MapasPro.sde\ORDENAMIENTOTERRITORIAL.Catastro\ORDENAMIENTOTERRITORIAL.Catastro_Manz NO_TEST "MANCODIGO "Identificador unico de la manzana" true true false 9 Text 0 0 ,First,#,E:\CargueInformacion\MapasPro.sde\ORDENAMIENTOTERRITORIAL.Catastro\ORDENAMIENTOTERRITORIAL.Catastro_Manz,MANCODIGO,-1,-1;SECCODIGO "Codigo Sector" true true false 6 Text 0 0 ,First,#,E:\CargueInformacion\MapasPro.sde\ORDENAMIENTOTERRITORIAL.Catastro\ORDENAMIENTOTERRITORIAL.Catastro_Manz,SECCODIGO,-1,-1;SHAPE_AREA "SHAPE_AREA" false false true 0 Double 0 0 ,First,#,E:\CargueInformacion\MapasPro.sde\ORDENAMIENTOTERRITORIAL.Catastro\ORDENAMIENTOTERRITORIAL.Catastro_Manz,SHAPE.AREA,-1,-1;SHAPE_LEN "SHAPE_LEN" false false true 0 Double 0 0 ,First,#,E:\CargueInformacion\MapasPro.sde\ORDENAMIENTOTERRITORIAL.Catastro\ORDENAMIENTOTERRITORIAL.Catastro_Manz,SHAPE.LEN,-1,-1;MANCODIGO "Manzana_ID" true true false 9 Text 0 0 ,First,#,E:\CargueInformacion\scratch.gdb\ManzproW,MANMANZ_ID,-1,-1;SECCODIGO "Sector_ID" true true false 6 Text 0 0 ,First,#,E:\CargueInformacion\scratch.gdb\ManzproW,MANSECT_ID,-1,-1" #</Process><Process ToolSource="c:\program files\arcgis\server\ArcToolbox\Toolboxes\Data Management Tools.tbx\TruncateTable" Date="20190929" Time="180414">TruncateTable E:\CargueInformacion\MapasPro.sde\ORDENAMIENTOTERRITORIAL.Catastro\ORDENAMIENTOTERRITORIAL.Catastro_Manz</Process><Process ToolSource="c:\program files\arcgis\server\ArcToolbox\Toolboxes\Data Management Tools.tbx\Append" Date="20190929" Time="180820">Append E:\CargueInformacion\scratch.gdb\ManzproW E:\CargueInformacion\MapasPro.sde\ORDENAMIENTOTERRITORIAL.Catastro\ORDENAMIENTOTERRITORIAL.Catastro_Manz NO_TEST "MANCODIGO "Identificador unico de la manzana" true true false 9 Text 0 0 ,First,#,E:\CargueInformacion\MapasPro.sde\ORDENAMIENTOTERRITORIAL.Catastro\ORDENAMIENTOTERRITORIAL.Catastro_Manz,MANCODIGO,-1,-1;SECCODIGO "Codigo Sector" true true false 6 Text 0 0 ,First,#,E:\CargueInformacion\MapasPro.sde\ORDENAMIENTOTERRITORIAL.Catastro\ORDENAMIENTOTERRITORIAL.Catastro_Manz,SECCODIGO,-1,-1;GLOBALID "GLOBALID" false false false 38 GlobalID 0 0 ,First,#,E:\CargueInformacion\MapasPro.sde\ORDENAMIENTOTERRITORIAL.Catastro\ORDENAMIENTOTERRITORIAL.Catastro_Manz,GLOBALID,-1,-1;SHAPE_AREA "SHAPE_AREA" false false true 0 Double 0 0 ,First,#,E:\CargueInformacion\MapasPro.sde\ORDENAMIENTOTERRITORIAL.Catastro\ORDENAMIENTOTERRITORIAL.Catastro_Manz,SHAPE.AREA,-1,-1;SHAPE_LEN "SHAPE_LEN" false false true 0 Double 0 0 ,First,#,E:\CargueInformacion\MapasPro.sde\ORDENAMIENTOTERRITORIAL.Catastro\ORDENAMIENTOTERRITORIAL.Catastro_Manz,SHAPE.LEN,-1,-1;MANCODIGO "Manzana_ID" true true false 9 Text 0 0 ,First,#,E:\CargueInformacion\scratch.gdb\ManzproW,MANMANZ_ID,-1,-1;SECCODIGO "Sector_ID" true true false 6 Text 0 0 ,First,#,E:\CargueInformacion\scratch.gdb\ManzproW,MANSECT_ID,-1,-1" #</Process><Process ToolSource="c:\program files\arcgis\server\ArcToolbox\Toolboxes\Data Management Tools.tbx\TruncateTable" Date="20191027" Time="180415">TruncateTable E:\CargueInformacion\MapasPro.sde\ORDENAMIENTOTERRITORIAL.Catastro\ORDENAMIENTOTERRITORIAL.Catastro_Manz</Process><Process ToolSource="c:\program files\arcgis\server\ArcToolbox\Toolboxes\Data Management Tools.tbx\Append" Date="20191027" Time="180758">Append E:\CargueInformacion\scratch.gdb\ManzproW E:\CargueInformacion\MapasPro.sde\ORDENAMIENTOTERRITORIAL.Catastro\ORDENAMIENTOTERRITORIAL.Catastro_Manz NO_TEST "MANCODIGO "Identificador unico de la manzana" true true false 9 Text 0 0 ,First,#,E:\CargueInformacion\MapasPro.sde\ORDENAMIENTOTERRITORIAL.Catastro\ORDENAMIENTOTERRITORIAL.Catastro_Manz,MANCODIGO,-1,-1;SECCODIGO "Codigo Sector" true true false 6 Text 0 0 ,First,#,E:\CargueInformacion\MapasPro.sde\ORDENAMIENTOTERRITORIAL.Catastro\ORDENAMIENTOTERRITORIAL.Catastro_Manz,SECCODIGO,-1,-1;GLOBALID "GLOBALID" false false false 38 GlobalID 0 0 ,First,#,E:\CargueInformacion\MapasPro.sde\ORDENAMIENTOTERRITORIAL.Catastro\ORDENAMIENTOTERRITORIAL.Catastro_Manz,GLOBALID,-1,-1;SHAPE_AREA "SHAPE_AREA" false false true 0 Double 0 0 ,First,#,E:\CargueInformacion\MapasPro.sde\ORDENAMIENTOTERRITORIAL.Catastro\ORDENAMIENTOTERRITORIAL.Catastro_Manz,SHAPE.AREA,-1,-1;SHAPE_LEN "SHAPE_LEN" false false true 0 Double 0 0 ,First,#,E:\CargueInformacion\MapasPro.sde\ORDENAMIENTOTERRITORIAL.Catastro\ORDENAMIENTOTERRITORIAL.Catastro_Manz,SHAPE.LEN,-1,-1;MANCODIGO "Manzana_ID" true true false 9 Text 0 0 ,First,#,E:\CargueInformacion\scratch.gdb\ManzproW,MANMANZ_ID,-1,-1;SECCODIGO "Sector_ID" true true false 6 Text 0 0 ,First,#,E:\CargueInformacion\scratch.gdb\ManzproW,MANSECT_ID,-1,-1" #</Process><Process ToolSource="c:\program files\arcgis\server\ArcToolbox\Toolboxes\Data Management Tools.tbx\TruncateTable" Date="20191124" Time="180437">TruncateTable E:\CargueInformacion\MapasPro.sde\ORDENAMIENTOTERRITORIAL.Catastro\ORDENAMIENTOTERRITORIAL.Catastro_Manz</Process><Process ToolSource="c:\program files\arcgis\server\ArcToolbox\Toolboxes\Data Management Tools.tbx\Append" Date="20191124" Time="180908">Append E:\CargueInformacion\scratch.gdb\ManzproW E:\CargueInformacion\MapasPro.sde\ORDENAMIENTOTERRITORIAL.Catastro\ORDENAMIENTOTERRITORIAL.Catastro_Manz NO_TEST "MANCODIGO "Identificador unico de la manzana" true true false 9 Text 0 0 ,First,#,E:\CargueInformacion\MapasPro.sde\ORDENAMIENTOTERRITORIAL.Catastro\ORDENAMIENTOTERRITORIAL.Catastro_Manz,MANCODIGO,-1,-1;SECCODIGO "Codigo Sector" true true false 6 Text 0 0 ,First,#,E:\CargueInformacion\MapasPro.sde\ORDENAMIENTOTERRITORIAL.Catastro\ORDENAMIENTOTERRITORIAL.Catastro_Manz,SECCODIGO,-1,-1;GLOBALID "GLOBALID" false false false 38 GlobalID 0 0 ,First,#,E:\CargueInformacion\MapasPro.sde\ORDENAMIENTOTERRITORIAL.Catastro\ORDENAMIENTOTERRITORIAL.Catastro_Manz,GLOBALID,-1,-1;SHAPE_AREA "SHAPE_AREA" false false true 0 Double 0 0 ,First,#,E:\CargueInformacion\MapasPro.sde\ORDENAMIENTOTERRITORIAL.Catastro\ORDENAMIENTOTERRITORIAL.Catastro_Manz,SHAPE.AREA,-1,-1;SHAPE_LEN "SHAPE_LEN" false false true 0 Double 0 0 ,First,#,E:\CargueInformacion\MapasPro.sde\ORDENAMIENTOTERRITORIAL.Catastro\ORDENAMIENTOTERRITORIAL.Catastro_Manz,SHAPE.LEN,-1,-1;MANCODIGO "Manzana_ID" true true false 9 Text 0 0 ,First,#,E:\CargueInformacion\scratch.gdb\ManzproW,MANMANZ_ID,-1,-1;SECCODIGO "Sector_ID" true true false 6 Text 0 0 ,First,#,E:\CargueInformacion\scratch.gdb\ManzproW,MANSECT_ID,-1,-1" #</Process><Process ToolSource="c:\program files\arcgis\server\ArcToolbox\Toolboxes\Data Management Tools.tbx\TruncateTable" Date="20200223" Time="180433">TruncateTable E:\CargueInformacion\MapasPro.sde\ORDENAMIENTOTERRITORIAL.Catastro\ORDENAMIENTOTERRITORIAL.Catastro_Manz</Process><Process ToolSource="c:\program files\arcgis\server\ArcToolbox\Toolboxes\Data Management Tools.tbx\Append" Date="20200223" Time="180818">Append E:\CargueInformacion\scratch.gdb\ManzproW E:\CargueInformacion\MapasPro.sde\ORDENAMIENTOTERRITORIAL.Catastro\ORDENAMIENTOTERRITORIAL.Catastro_Manz NO_TEST "MANCODIGO "Identificador unico de la manzana" true true false 9 Text 0 0 ,First,#,E:\CargueInformacion\MapasPro.sde\ORDENAMIENTOTERRITORIAL.Catastro\ORDENAMIENTOTERRITORIAL.Catastro_Manz,MANCODIGO,-1,-1;SECCODIGO "Codigo Sector" true true false 6 Text 0 0 ,First,#,E:\CargueInformacion\MapasPro.sde\ORDENAMIENTOTERRITORIAL.Catastro\ORDENAMIENTOTERRITORIAL.Catastro_Manz,SECCODIGO,-1,-1;GLOBALID "GLOBALID" false false false 38 GlobalID 0 0 ,First,#,E:\CargueInformacion\MapasPro.sde\ORDENAMIENTOTERRITORIAL.Catastro\ORDENAMIENTOTERRITORIAL.Catastro_Manz,GLOBALID,-1,-1;SHAPE_AREA "SHAPE_AREA" false false true 0 Double 0 0 ,First,#,E:\CargueInformacion\MapasPro.sde\ORDENAMIENTOTERRITORIAL.Catastro\ORDENAMIENTOTERRITORIAL.Catastro_Manz,SHAPE.AREA,-1,-1;SHAPE_LEN "SHAPE_LEN" false false true 0 Double 0 0 ,First,#,E:\CargueInformacion\MapasPro.sde\ORDENAMIENTOTERRITORIAL.Catastro\ORDENAMIENTOTERRITORIAL.Catastro_Manz,SHAPE.LEN,-1,-1;MANCODIGO "Manzana_ID" true true false 9 Text 0 0 ,First,#,E:\CargueInformacion\scratch.gdb\ManzproW,MANMANZ_ID,-1,-1;SECCODIGO "Sector_ID" true true false 6 Text 0 0 ,First,#,E:\CargueInformacion\scratch.gdb\ManzproW,MANSECT_ID,-1,-1" #</Process><Process ToolSource="c:\program files\arcgis\server\ArcToolbox\Toolboxes\Data Management Tools.tbx\TruncateTable" Date="20200329" Time="182903">TruncateTable E:\CargueInformacion\MapasPro.sde\ORDENAMIENTOTERRITORIAL.Catastro\ORDENAMIENTOTERRITORIAL.Catastro_Manz</Process><Process ToolSource="c:\program files\arcgis\server\ArcToolbox\Toolboxes\Data Management Tools.tbx\Append" Date="20200329" Time="183240">Append E:\CargueInformacion\scratch.gdb\ManzproW E:\CargueInformacion\MapasPro.sde\ORDENAMIENTOTERRITORIAL.Catastro\ORDENAMIENTOTERRITORIAL.Catastro_Manz NO_TEST "MANCODIGO "Identificador unico de la manzana" true true false 9 Text 0 0 ,First,#,E:\CargueInformacion\MapasPro.sde\ORDENAMIENTOTERRITORIAL.Catastro\ORDENAMIENTOTERRITORIAL.Catastro_Manz,MANCODIGO,-1,-1;SECCODIGO "Codigo Sector" true true false 6 Text 0 0 ,First,#,E:\CargueInformacion\MapasPro.sde\ORDENAMIENTOTERRITORIAL.Catastro\ORDENAMIENTOTERRITORIAL.Catastro_Manz,SECCODIGO,-1,-1;GLOBALID "GLOBALID" false false false 38 GlobalID 0 0 ,First,#,E:\CargueInformacion\MapasPro.sde\ORDENAMIENTOTERRITORIAL.Catastro\ORDENAMIENTOTERRITORIAL.Catastro_Manz,GLOBALID,-1,-1;SHAPE_AREA "SHAPE_AREA" false false true 0 Double 0 0 ,First,#,E:\CargueInformacion\MapasPro.sde\ORDENAMIENTOTERRITORIAL.Catastro\ORDENAMIENTOTERRITORIAL.Catastro_Manz,SHAPE.AREA,-1,-1;SHAPE_LEN "SHAPE_LEN" false false true 0 Double 0 0 ,First,#,E:\CargueInformacion\MapasPro.sde\ORDENAMIENTOTERRITORIAL.Catastro\ORDENAMIENTOTERRITORIAL.Catastro_Manz,SHAPE.LEN,-1,-1;MANCODIGO "Manzana_ID" true true false 9 Text 0 0 ,First,#,E:\CargueInformacion\scratch.gdb\ManzproW,MANMANZ_ID,-1,-1;SECCODIGO "Sector_ID" true true false 6 Text 0 0 ,First,#,E:\CargueInformacion\scratch.gdb\ManzproW,MANSECT_ID,-1,-1" #</Process><Process ToolSource="c:\program files\arcgis\server\ArcToolbox\Toolboxes\Data Management Tools.tbx\TruncateTable" Date="20200426" Time="180414">TruncateTable E:\CargueInformacion\MapasPro.sde\ORDENAMIENTOTERRITORIAL.Catastro\ORDENAMIENTOTERRITORIAL.Catastro_Manz</Process><Process ToolSource="c:\program files\arcgis\server\ArcToolbox\Toolboxes\Data Management Tools.tbx\Append" Date="20200426" Time="180742">Append E:\CargueInformacion\scratch.gdb\ManzproW E:\CargueInformacion\MapasPro.sde\ORDENAMIENTOTERRITORIAL.Catastro\ORDENAMIENTOTERRITORIAL.Catastro_Manz NO_TEST "MANCODIGO "Identificador unico de la manzana" true true false 9 Text 0 0 ,First,#,E:\CargueInformacion\MapasPro.sde\ORDENAMIENTOTERRITORIAL.Catastro\ORDENAMIENTOTERRITORIAL.Catastro_Manz,MANCODIGO,-1,-1;SECCODIGO "Codigo Sector" true true false 6 Text 0 0 ,First,#,E:\CargueInformacion\MapasPro.sde\ORDENAMIENTOTERRITORIAL.Catastro\ORDENAMIENTOTERRITORIAL.Catastro_Manz,SECCODIGO,-1,-1;GLOBALID "GLOBALID" false false false 38 GlobalID 0 0 ,First,#,E:\CargueInformacion\MapasPro.sde\ORDENAMIENTOTERRITORIAL.Catastro\ORDENAMIENTOTERRITORIAL.Catastro_Manz,GLOBALID,-1,-1;SHAPE_AREA "SHAPE_AREA" false false true 0 Double 0 0 ,First,#,E:\CargueInformacion\MapasPro.sde\ORDENAMIENTOTERRITORIAL.Catastro\ORDENAMIENTOTERRITORIAL.Catastro_Manz,SHAPE.AREA,-1,-1;SHAPE_LEN "SHAPE_LEN" false false true 0 Double 0 0 ,First,#,E:\CargueInformacion\MapasPro.sde\ORDENAMIENTOTERRITORIAL.Catastro\ORDENAMIENTOTERRITORIAL.Catastro_Manz,SHAPE.LEN,-1,-1;MANCODIGO "Manzana_ID" true true false 9 Text 0 0 ,First,#,E:\CargueInformacion\scratch.gdb\ManzproW,MANMANZ_ID,-1,-1;SECCODIGO "Sector_ID" true true false 6 Text 0 0 ,First,#,E:\CargueInformacion\scratch.gdb\ManzproW,MANSECT_ID,-1,-1" #</Process><Process ToolSource="c:\program files\arcgis\server\ArcToolbox\Toolboxes\Data Management Tools.tbx\TruncateTable" Date="20200601" Time="172327">TruncateTable E:\CargueInformacion\MapasPro.sde\ORDENAMIENTOTERRITORIAL.Catastro\ORDENAMIENTOTERRITORIAL.Catastro_Manz</Process><Process ToolSource="c:\program files\arcgis\server\ArcToolbox\Toolboxes\Data Management Tools.tbx\Append" Date="20200601" Time="172703">Append E:\CargueInformacion\scratch.gdb\ManzproW E:\CargueInformacion\MapasPro.sde\ORDENAMIENTOTERRITORIAL.Catastro\ORDENAMIENTOTERRITORIAL.Catastro_Manz NO_TEST "MANCODIGO "Identificador unico de la manzana" true true false 9 Text 0 0 ,First,#,E:\CargueInformacion\MapasPro.sde\ORDENAMIENTOTERRITORIAL.Catastro\ORDENAMIENTOTERRITORIAL.Catastro_Manz,MANCODIGO,-1,-1;SECCODIGO "Codigo Sector" true true false 6 Text 0 0 ,First,#,E:\CargueInformacion\MapasPro.sde\ORDENAMIENTOTERRITORIAL.Catastro\ORDENAMIENTOTERRITORIAL.Catastro_Manz,SECCODIGO,-1,-1;GLOBALID "GLOBALID" false false false 38 GlobalID 0 0 ,First,#,E:\CargueInformacion\MapasPro.sde\ORDENAMIENTOTERRITORIAL.Catastro\ORDENAMIENTOTERRITORIAL.Catastro_Manz,GLOBALID,-1,-1;SHAPE_AREA "SHAPE_AREA" false false true 0 Double 0 0 ,First,#,E:\CargueInformacion\MapasPro.sde\ORDENAMIENTOTERRITORIAL.Catastro\ORDENAMIENTOTERRITORIAL.Catastro_Manz,SHAPE.AREA,-1,-1;SHAPE_LEN "SHAPE_LEN" false false true 0 Double 0 0 ,First,#,E:\CargueInformacion\MapasPro.sde\ORDENAMIENTOTERRITORIAL.Catastro\ORDENAMIENTOTERRITORIAL.Catastro_Manz,SHAPE.LEN,-1,-1;MANCODIGO "Manzana_ID" true true false 9 Text 0 0 ,First,#,E:\CargueInformacion\scratch.gdb\ManzproW,MANMANZ_ID,-1,-1;SECCODIGO "Sector_ID" true true false 6 Text 0 0 ,First,#,E:\CargueInformacion\scratch.gdb\ManzproW,MANSECT_ID,-1,-1" #</Process><Process ToolSource="c:\program files\arcgis\server\ArcToolbox\Toolboxes\Data Management Tools.tbx\TruncateTable" Date="20200628" Time="180413">TruncateTable E:\CargueInformacion\MapasPro.sde\ORDENAMIENTOTERRITORIAL.Catastro\ORDENAMIENTOTERRITORIAL.Catastro_Manz</Process><Process ToolSource="c:\program files\arcgis\server\ArcToolbox\Toolboxes\Data Management Tools.tbx\Append" Date="20200628" Time="180751">Append E:\CargueInformacion\scratch.gdb\ManzproW E:\CargueInformacion\MapasPro.sde\ORDENAMIENTOTERRITORIAL.Catastro\ORDENAMIENTOTERRITORIAL.Catastro_Manz NO_TEST "MANCODIGO "Identificador unico de la manzana" true true false 9 Text 0 0 ,First,#,E:\CargueInformacion\MapasPro.sde\ORDENAMIENTOTERRITORIAL.Catastro\ORDENAMIENTOTERRITORIAL.Catastro_Manz,MANCODIGO,-1,-1;SECCODIGO "Codigo Sector" true true false 6 Text 0 0 ,First,#,E:\CargueInformacion\MapasPro.sde\ORDENAMIENTOTERRITORIAL.Catastro\ORDENAMIENTOTERRITORIAL.Catastro_Manz,SECCODIGO,-1,-1;GLOBALID "GLOBALID" false false false 38 GlobalID 0 0 ,First,#,E:\CargueInformacion\MapasPro.sde\ORDENAMIENTOTERRITORIAL.Catastro\ORDENAMIENTOTERRITORIAL.Catastro_Manz,GLOBALID,-1,-1;SHAPE_AREA "SHAPE_AREA" false false true 0 Double 0 0 ,First,#,E:\CargueInformacion\MapasPro.sde\ORDENAMIENTOTERRITORIAL.Catastro\ORDENAMIENTOTERRITORIAL.Catastro_Manz,SHAPE.AREA,-1,-1;SHAPE_LEN "SHAPE_LEN" false false true 0 Double 0 0 ,First,#,E:\CargueInformacion\MapasPro.sde\ORDENAMIENTOTERRITORIAL.Catastro\ORDENAMIENTOTERRITORIAL.Catastro_Manz,SHAPE.LEN,-1,-1;MANCODIGO "Manzana_ID" true true false 9 Text 0 0 ,First,#,E:\CargueInformacion\scratch.gdb\ManzproW,MANMANZ_ID,-1,-1;SECCODIGO "Sector_ID" true true false 6 Text 0 0 ,First,#,E:\CargueInformacion\scratch.gdb\ManzproW,MANSECT_ID,-1,-1" #</Process><Process ToolSource="c:\program files\arcgis\server\ArcToolbox\Toolboxes\Data Management Tools.tbx\TruncateTable" Date="20200726" Time="180857">TruncateTable E:\CargueInformacion\MapasPro.sde\ORDENAMIENTOTERRITORIAL.Catastro\ORDENAMIENTOTERRITORIAL.Catastro_Manz</Process><Process ToolSource="c:\program files\arcgis\server\ArcToolbox\Toolboxes\Data Management Tools.tbx\Append" Date="20200726" Time="181701">Append E:\CargueInformacion\scratch.gdb\ManzproW E:\CargueInformacion\MapasPro.sde\ORDENAMIENTOTERRITORIAL.Catastro\ORDENAMIENTOTERRITORIAL.Catastro_Manz NO_TEST "MANCODIGO "Identificador unico de la manzana" true true false 9 Text 0 0 ,First,#,E:\CargueInformacion\MapasPro.sde\ORDENAMIENTOTERRITORIAL.Catastro\ORDENAMIENTOTERRITORIAL.Catastro_Manz,MANCODIGO,-1,-1;SECCODIGO "Codigo Sector" true true false 6 Text 0 0 ,First,#,E:\CargueInformacion\MapasPro.sde\ORDENAMIENTOTERRITORIAL.Catastro\ORDENAMIENTOTERRITORIAL.Catastro_Manz,SECCODIGO,-1,-1;GLOBALID "GLOBALID" false false false 38 GlobalID 0 0 ,First,#,E:\CargueInformacion\MapasPro.sde\ORDENAMIENTOTERRITORIAL.Catastro\ORDENAMIENTOTERRITORIAL.Catastro_Manz,GLOBALID,-1,-1;SHAPE_AREA "SHAPE_AREA" false false true 0 Double 0 0 ,First,#,E:\CargueInformacion\MapasPro.sde\ORDENAMIENTOTERRITORIAL.Catastro\ORDENAMIENTOTERRITORIAL.Catastro_Manz,SHAPE.AREA,-1,-1;SHAPE_LEN "SHAPE_LEN" false false true 0 Double 0 0 ,First,#,E:\CargueInformacion\MapasPro.sde\ORDENAMIENTOTERRITORIAL.Catastro\ORDENAMIENTOTERRITORIAL.Catastro_Manz,SHAPE.LEN,-1,-1;MANCODIGO "Manzana_ID" true true false 9 Text 0 0 ,First,#,E:\CargueInformacion\scratch.gdb\ManzproW,MANMANZ_ID,-1,-1;SECCODIGO "Sector_ID" true true false 6 Text 0 0 ,First,#,E:\CargueInformacion\scratch.gdb\ManzproW,MANSECT_ID,-1,-1" #</Process><Process ToolSource="c:\program files\arcgis\server\ArcToolbox\Toolboxes\Data Management Tools.tbx\TruncateTable" Date="20200831" Time="183245">TruncateTable E:\CargueInformacion\MapasPro.sde\ORDENAMIENTOTERRITORIAL.Catastro\ORDENAMIENTOTERRITORIAL.Catastro_Manz</Process><Process ToolSource="c:\program files\arcgis\server\ArcToolbox\Toolboxes\Data Management Tools.tbx\Append" Date="20200831" Time="183617">Append E:\CargueInformacion\scratch.gdb\ManzproW E:\CargueInformacion\MapasPro.sde\ORDENAMIENTOTERRITORIAL.Catastro\ORDENAMIENTOTERRITORIAL.Catastro_Manz NO_TEST "MANCODIGO "Identificador unico de la manzana" true true false 9 Text 0 0 ,First,#,E:\CargueInformacion\MapasPro.sde\ORDENAMIENTOTERRITORIAL.Catastro\ORDENAMIENTOTERRITORIAL.Catastro_Manz,MANCODIGO,-1,-1;SECCODIGO "Codigo Sector" true true false 6 Text 0 0 ,First,#,E:\CargueInformacion\MapasPro.sde\ORDENAMIENTOTERRITORIAL.Catastro\ORDENAMIENTOTERRITORIAL.Catastro_Manz,SECCODIGO,-1,-1;GLOBALID "GLOBALID" false false false 38 GlobalID 0 0 ,First,#,E:\CargueInformacion\MapasPro.sde\ORDENAMIENTOTERRITORIAL.Catastro\ORDENAMIENTOTERRITORIAL.Catastro_Manz,GLOBALID,-1,-1;SHAPE_AREA "SHAPE_AREA" false false true 0 Double 0 0 ,First,#,E:\CargueInformacion\MapasPro.sde\ORDENAMIENTOTERRITORIAL.Catastro\ORDENAMIENTOTERRITORIAL.Catastro_Manz,SHAPE.AREA,-1,-1;SHAPE_LEN "SHAPE_LEN" false false true 0 Double 0 0 ,First,#,E:\CargueInformacion\MapasPro.sde\ORDENAMIENTOTERRITORIAL.Catastro\ORDENAMIENTOTERRITORIAL.Catastro_Manz,SHAPE.LEN,-1,-1;MANCODIGO "Manzana_ID" true true false 9 Text 0 0 ,First,#,E:\CargueInformacion\scratch.gdb\ManzproW,MANMANZ_ID,-1,-1;SECCODIGO "Sector_ID" true true false 6 Text 0 0 ,First,#,E:\CargueInformacion\scratch.gdb\ManzproW,MANSECT_ID,-1,-1" #</Process><Process ToolSource="c:\program files\arcgis\server\ArcToolbox\Toolboxes\Data Management Tools.tbx\TruncateTable" Date="20200927" Time="180343">TruncateTable E:\CargueInformacion\MapasPro.sde\ORDENAMIENTOTERRITORIAL.Catastro\ORDENAMIENTOTERRITORIAL.Catastro_Manz</Process><Process ToolSource="c:\program files\arcgis\server\ArcToolbox\Toolboxes\Data Management Tools.tbx\Append" Date="20200927" Time="180711">Append E:\CargueInformacion\scratch.gdb\ManzproW E:\CargueInformacion\MapasPro.sde\ORDENAMIENTOTERRITORIAL.Catastro\ORDENAMIENTOTERRITORIAL.Catastro_Manz NO_TEST "MANCODIGO "Identificador unico de la manzana" true true false 9 Text 0 0 ,First,#,E:\CargueInformacion\MapasPro.sde\ORDENAMIENTOTERRITORIAL.Catastro\ORDENAMIENTOTERRITORIAL.Catastro_Manz,MANCODIGO,-1,-1;SECCODIGO "Codigo Sector" true true false 6 Text 0 0 ,First,#,E:\CargueInformacion\MapasPro.sde\ORDENAMIENTOTERRITORIAL.Catastro\ORDENAMIENTOTERRITORIAL.Catastro_Manz,SECCODIGO,-1,-1;GLOBALID "GLOBALID" false false false 38 GlobalID 0 0 ,First,#,E:\CargueInformacion\MapasPro.sde\ORDENAMIENTOTERRITORIAL.Catastro\ORDENAMIENTOTERRITORIAL.Catastro_Manz,GLOBALID,-1,-1;SHAPE_AREA "SHAPE_AREA" false false true 0 Double 0 0 ,First,#,E:\CargueInformacion\MapasPro.sde\ORDENAMIENTOTERRITORIAL.Catastro\ORDENAMIENTOTERRITORIAL.Catastro_Manz,SHAPE.AREA,-1,-1;SHAPE_LEN "SHAPE_LEN" false false true 0 Double 0 0 ,First,#,E:\CargueInformacion\MapasPro.sde\ORDENAMIENTOTERRITORIAL.Catastro\ORDENAMIENTOTERRITORIAL.Catastro_Manz,SHAPE.LEN,-1,-1;MANCODIGO "Manzana_ID" true true false 9 Text 0 0 ,First,#,E:\CargueInformacion\scratch.gdb\ManzproW,MANMANZ_ID,-1,-1;SECCODIGO "Sector_ID" true true false 6 Text 0 0 ,First,#,E:\CargueInformacion\scratch.gdb\ManzproW,MANSECT_ID,-1,-1" #</Process><Process ToolSource="c:\program files\arcgis\server\ArcToolbox\Toolboxes\Data Management Tools.tbx\TruncateTable" Date="20201025" Time="180421">TruncateTable E:\CargueInformacion\MapasPro.sde\ORDENAMIENTOTERRITORIAL.Catastro\ORDENAMIENTOTERRITORIAL.Catastro_Manz</Process><Process ToolSource="c:\program files\arcgis\server\ArcToolbox\Toolboxes\Data Management Tools.tbx\Append" Date="20201025" Time="180744">Append E:\CargueInformacion\scratch.gdb\ManzproW E:\CargueInformacion\MapasPro.sde\ORDENAMIENTOTERRITORIAL.Catastro\ORDENAMIENTOTERRITORIAL.Catastro_Manz NO_TEST "MANCODIGO "Identificador unico de la manzana" true true false 9 Text 0 0 ,First,#,E:\CargueInformacion\MapasPro.sde\ORDENAMIENTOTERRITORIAL.Catastro\ORDENAMIENTOTERRITORIAL.Catastro_Manz,MANCODIGO,-1,-1;SECCODIGO "Codigo Sector" true true false 6 Text 0 0 ,First,#,E:\CargueInformacion\MapasPro.sde\ORDENAMIENTOTERRITORIAL.Catastro\ORDENAMIENTOTERRITORIAL.Catastro_Manz,SECCODIGO,-1,-1;GLOBALID "GLOBALID" false false false 38 GlobalID 0 0 ,First,#,E:\CargueInformacion\MapasPro.sde\ORDENAMIENTOTERRITORIAL.Catastro\ORDENAMIENTOTERRITORIAL.Catastro_Manz,GLOBALID,-1,-1;SHAPE_AREA "SHAPE_AREA" false false true 0 Double 0 0 ,First,#,E:\CargueInformacion\MapasPro.sde\ORDENAMIENTOTERRITORIAL.Catastro\ORDENAMIENTOTERRITORIAL.Catastro_Manz,SHAPE.AREA,-1,-1;SHAPE_LEN "SHAPE_LEN" false false true 0 Double 0 0 ,First,#,E:\CargueInformacion\MapasPro.sde\ORDENAMIENTOTERRITORIAL.Catastro\ORDENAMIENTOTERRITORIAL.Catastro_Manz,SHAPE.LEN,-1,-1;MANCODIGO "Manzana_ID" true true false 9 Text 0 0 ,First,#,E:\CargueInformacion\scratch.gdb\ManzproW,MANMANZ_ID,-1,-1;SECCODIGO "Sector_ID" true true false 6 Text 0 0 ,First,#,E:\CargueInformacion\scratch.gdb\ManzproW,MANSECT_ID,-1,-1" #</Process><Process ToolSource="c:\program files\arcgis\server\ArcToolbox\Toolboxes\Data Management Tools.tbx\TruncateTable" Date="20201212" Time="165432">TruncateTable E:\CargueInformacion\MapasPro.sde\ORDENAMIENTOTERRITORIAL.Catastro\ORDENAMIENTOTERRITORIAL.Catastro_Manz</Process><Process ToolSource="c:\program files\arcgis\server\ArcToolbox\Toolboxes\Data Management Tools.tbx\Append" Date="20201212" Time="165814">Append E:\CargueInformacion\scratch.gdb\ManzproW E:\CargueInformacion\MapasPro.sde\ORDENAMIENTOTERRITORIAL.Catastro\ORDENAMIENTOTERRITORIAL.Catastro_Manz NO_TEST "MANCODIGO "Identificador unico de la manzana" true true false 9 Text 0 0 ,First,#,E:\CargueInformacion\MapasPro.sde\ORDENAMIENTOTERRITORIAL.Catastro\ORDENAMIENTOTERRITORIAL.Catastro_Manz,MANCODIGO,-1,-1;SECCODIGO "Codigo Sector" true true false 6 Text 0 0 ,First,#,E:\CargueInformacion\MapasPro.sde\ORDENAMIENTOTERRITORIAL.Catastro\ORDENAMIENTOTERRITORIAL.Catastro_Manz,SECCODIGO,-1,-1;GLOBALID "GLOBALID" false false false 38 GlobalID 0 0 ,First,#,E:\CargueInformacion\MapasPro.sde\ORDENAMIENTOTERRITORIAL.Catastro\ORDENAMIENTOTERRITORIAL.Catastro_Manz,GLOBALID,-1,-1;SHAPE_AREA "SHAPE_AREA" false false true 0 Double 0 0 ,First,#,E:\CargueInformacion\MapasPro.sde\ORDENAMIENTOTERRITORIAL.Catastro\ORDENAMIENTOTERRITORIAL.Catastro_Manz,SHAPE.AREA,-1,-1;SHAPE_LEN "SHAPE_LEN" false false true 0 Double 0 0 ,First,#,E:\CargueInformacion\MapasPro.sde\ORDENAMIENTOTERRITORIAL.Catastro\ORDENAMIENTOTERRITORIAL.Catastro_Manz,SHAPE.LEN,-1,-1;MANCODIGO "Manzana_ID" true true false 9 Text 0 0 ,First,#,E:\CargueInformacion\scratch.gdb\ManzproW,MANMANZ_ID,-1,-1;SECCODIGO "Sector_ID" true true false 6 Text 0 0 ,First,#,E:\CargueInformacion\scratch.gdb\ManzproW,MANSECT_ID,-1,-1" #</Process><Process ToolSource="c:\program files\arcgis\server\ArcToolbox\Toolboxes\Data Management Tools.tbx\TruncateTable" Date="20201212" Time="172001">TruncateTable E:\CargueInformacion\MapasPro.sde\ORDENAMIENTOTERRITORIAL.Catastro\ORDENAMIENTOTERRITORIAL.Catastro_Manz</Process><Process ToolSource="c:\program files\arcgis\server\ArcToolbox\Toolboxes\Data Management Tools.tbx\Append" Date="20201212" Time="172346">Append E:\CargueInformacion\scratch.gdb\ManzproW E:\CargueInformacion\MapasPro.sde\ORDENAMIENTOTERRITORIAL.Catastro\ORDENAMIENTOTERRITORIAL.Catastro_Manz NO_TEST "MANCODIGO "Identificador unico de la manzana" true true false 9 Text 0 0 ,First,#,E:\CargueInformacion\MapasPro.sde\ORDENAMIENTOTERRITORIAL.Catastro\ORDENAMIENTOTERRITORIAL.Catastro_Manz,MANCODIGO,-1,-1;SECCODIGO "Codigo Sector" true true false 6 Text 0 0 ,First,#,E:\CargueInformacion\MapasPro.sde\ORDENAMIENTOTERRITORIAL.Catastro\ORDENAMIENTOTERRITORIAL.Catastro_Manz,SECCODIGO,-1,-1;GLOBALID "GLOBALID" false false false 38 GlobalID 0 0 ,First,#,E:\CargueInformacion\MapasPro.sde\ORDENAMIENTOTERRITORIAL.Catastro\ORDENAMIENTOTERRITORIAL.Catastro_Manz,GLOBALID,-1,-1;SHAPE_AREA "SHAPE_AREA" false false true 0 Double 0 0 ,First,#,E:\CargueInformacion\MapasPro.sde\ORDENAMIENTOTERRITORIAL.Catastro\ORDENAMIENTOTERRITORIAL.Catastro_Manz,SHAPE.AREA,-1,-1;SHAPE_LEN "SHAPE_LEN" false false true 0 Double 0 0 ,First,#,E:\CargueInformacion\MapasPro.sde\ORDENAMIENTOTERRITORIAL.Catastro\ORDENAMIENTOTERRITORIAL.Catastro_Manz,SHAPE.LEN,-1,-1;MANCODIGO "Manzana_ID" true true false 9 Text 0 0 ,First,#,E:\CargueInformacion\scratch.gdb\ManzproW,MANMANZ_ID,-1,-1;SECCODIGO "Sector_ID" true true false 6 Text 0 0 ,First,#,E:\CargueInformacion\scratch.gdb\ManzproW,MANSECT_ID,-1,-1" #</Process><Process ToolSource="c:\program files\arcgis\server\ArcToolbox\Toolboxes\Data Management Tools.tbx\TruncateTable" Date="20210131" Time="180739">TruncateTable E:\CargueInformacion\MapasPro.sde\ORDENAMIENTOTERRITORIAL.Catastro\ORDENAMIENTOTERRITORIAL.Catastro_Manz</Process><Process ToolSource="c:\program files\arcgis\server\ArcToolbox\Toolboxes\Data Management Tools.tbx\Append" Date="20210131" Time="181356">Append E:\CargueInformacion\scratch.gdb\ManzproW E:\CargueInformacion\MapasPro.sde\ORDENAMIENTOTERRITORIAL.Catastro\ORDENAMIENTOTERRITORIAL.Catastro_Manz NO_TEST "MANCODIGO "Identificador unico de la manzana" true true false 9 Text 0 0 ,First,#,E:\CargueInformacion\MapasPro.sde\ORDENAMIENTOTERRITORIAL.Catastro\ORDENAMIENTOTERRITORIAL.Catastro_Manz,MANCODIGO,-1,-1;SECCODIGO "Codigo Sector" true true false 6 Text 0 0 ,First,#,E:\CargueInformacion\MapasPro.sde\ORDENAMIENTOTERRITORIAL.Catastro\ORDENAMIENTOTERRITORIAL.Catastro_Manz,SECCODIGO,-1,-1;GLOBALID "GLOBALID" false false false 38 GlobalID 0 0 ,First,#,E:\CargueInformacion\MapasPro.sde\ORDENAMIENTOTERRITORIAL.Catastro\ORDENAMIENTOTERRITORIAL.Catastro_Manz,GLOBALID,-1,-1;SHAPE_AREA "SHAPE_AREA" false false true 0 Double 0 0 ,First,#,E:\CargueInformacion\MapasPro.sde\ORDENAMIENTOTERRITORIAL.Catastro\ORDENAMIENTOTERRITORIAL.Catastro_Manz,SHAPE.AREA,-1,-1;SHAPE_LEN "SHAPE_LEN" false false true 0 Double 0 0 ,First,#,E:\CargueInformacion\MapasPro.sde\ORDENAMIENTOTERRITORIAL.Catastro\ORDENAMIENTOTERRITORIAL.Catastro_Manz,SHAPE.LEN,-1,-1;MANCODIGO "Manzana_ID" true true false 9 Text 0 0 ,First,#,E:\CargueInformacion\scratch.gdb\ManzproW,MANMANZ_ID,-1,-1;SECCODIGO "Sector_ID" true true false 6 Text 0 0 ,First,#,E:\CargueInformacion\scratch.gdb\ManzproW,MANSECT_ID,-1,-1" #</Process><Process ToolSource="c:\program files\arcgis\server\ArcToolbox\Toolboxes\Data Management Tools.tbx\TruncateTable" Date="20210305" Time="104632">TruncateTable E:\CargueInformacion\MapasPro.sde\ORDENAMIENTOTERRITORIAL.Catastro\ORDENAMIENTOTERRITORIAL.Catastro_Manz</Process><Process ToolSource="c:\program files\arcgis\server\ArcToolbox\Toolboxes\Data Management Tools.tbx\Append" Date="20210305" Time="105016">Append E:\CargueInformacion\scratch.gdb\ManzproW E:\CargueInformacion\MapasPro.sde\ORDENAMIENTOTERRITORIAL.Catastro\ORDENAMIENTOTERRITORIAL.Catastro_Manz NO_TEST "MANCODIGO "Identificador unico de la manzana" true true false 9 Text 0 0 ,First,#,E:\CargueInformacion\MapasPro.sde\ORDENAMIENTOTERRITORIAL.Catastro\ORDENAMIENTOTERRITORIAL.Catastro_Manz,MANCODIGO,-1,-1;SECCODIGO "Codigo Sector" true true false 6 Text 0 0 ,First,#,E:\CargueInformacion\MapasPro.sde\ORDENAMIENTOTERRITORIAL.Catastro\ORDENAMIENTOTERRITORIAL.Catastro_Manz,SECCODIGO,-1,-1;GLOBALID "GLOBALID" false false false 38 GlobalID 0 0 ,First,#,E:\CargueInformacion\MapasPro.sde\ORDENAMIENTOTERRITORIAL.Catastro\ORDENAMIENTOTERRITORIAL.Catastro_Manz,GLOBALID,-1,-1;SHAPE_AREA "SHAPE_AREA" false false true 0 Double 0 0 ,First,#,E:\CargueInformacion\MapasPro.sde\ORDENAMIENTOTERRITORIAL.Catastro\ORDENAMIENTOTERRITORIAL.Catastro_Manz,SHAPE.AREA,-1,-1;SHAPE_LEN "SHAPE_LEN" false false true 0 Double 0 0 ,First,#,E:\CargueInformacion\MapasPro.sde\ORDENAMIENTOTERRITORIAL.Catastro\ORDENAMIENTOTERRITORIAL.Catastro_Manz,SHAPE.LEN,-1,-1;MANCODIGO "Manzana_ID" true true false 9 Text 0 0 ,First,#,E:\CargueInformacion\scratch.gdb\ManzproW,MANMANZ_ID,-1,-1;SECCODIGO "Sector_ID" true true false 6 Text 0 0 ,First,#,E:\CargueInformacion\scratch.gdb\ManzproW,MANSECT_ID,-1,-1" #</Process><Process ToolSource="c:\program files\arcgis\server\ArcToolbox\Toolboxes\Data Management Tools.tbx\TruncateTable" Date="20210328" Time="180342">TruncateTable E:\CargueInformacion\MapasPro.sde\ORDENAMIENTOTERRITORIAL.Catastro\ORDENAMIENTOTERRITORIAL.Catastro_Manz</Process><Process ToolSource="c:\program files\arcgis\server\ArcToolbox\Toolboxes\Data Management Tools.tbx\Append" Date="20210328" Time="180652">Append E:\CargueInformacion\scratch.gdb\ManzproW E:\CargueInformacion\MapasPro.sde\ORDENAMIENTOTERRITORIAL.Catastro\ORDENAMIENTOTERRITORIAL.Catastro_Manz NO_TEST "MANCODIGO "Identificador unico de la manzana" true true false 9 Text 0 0 ,First,#,E:\CargueInformacion\MapasPro.sde\ORDENAMIENTOTERRITORIAL.Catastro\ORDENAMIENTOTERRITORIAL.Catastro_Manz,MANCODIGO,-1,-1;SECCODIGO "Codigo Sector" true true false 6 Text 0 0 ,First,#,E:\CargueInformacion\MapasPro.sde\ORDENAMIENTOTERRITORIAL.Catastro\ORDENAMIENTOTERRITORIAL.Catastro_Manz,SECCODIGO,-1,-1;GLOBALID "GLOBALID" false false false 38 GlobalID 0 0 ,First,#,E:\CargueInformacion\MapasPro.sde\ORDENAMIENTOTERRITORIAL.Catastro\ORDENAMIENTOTERRITORIAL.Catastro_Manz,GLOBALID,-1,-1;SHAPE_AREA "SHAPE_AREA" false false true 0 Double 0 0 ,First,#,E:\CargueInformacion\MapasPro.sde\ORDENAMIENTOTERRITORIAL.Catastro\ORDENAMIENTOTERRITORIAL.Catastro_Manz,SHAPE.AREA,-1,-1;SHAPE_LEN "SHAPE_LEN" false false true 0 Double 0 0 ,First,#,E:\CargueInformacion\MapasPro.sde\ORDENAMIENTOTERRITORIAL.Catastro\ORDENAMIENTOTERRITORIAL.Catastro_Manz,SHAPE.LEN,-1,-1;MANCODIGO "Manzana_ID" true true false 9 Text 0 0 ,First,#,E:\CargueInformacion\scratch.gdb\ManzproW,MANMANZ_ID,-1,-1;SECCODIGO "Sector_ID" true true false 6 Text 0 0 ,First,#,E:\CargueInformacion\scratch.gdb\ManzproW,MANSECT_ID,-1,-1" #</Process><Process ToolSource="c:\program files\arcgis\server\ArcToolbox\Toolboxes\Data Management Tools.tbx\TruncateTable" Date="20210425" Time="180352">TruncateTable E:\CargueInformacion\MapasPro.sde\ORDENAMIENTOTERRITORIAL.Catastro\ORDENAMIENTOTERRITORIAL.Catastro_Manz</Process><Process ToolSource="c:\program files\arcgis\server\ArcToolbox\Toolboxes\Data Management Tools.tbx\Append" Date="20210425" Time="190141">Append E:\CargueInformacion\scratch.gdb\ManzproW E:\CargueInformacion\MapasPro.sde\ORDENAMIENTOTERRITORIAL.Catastro\ORDENAMIENTOTERRITORIAL.Catastro_Manz NO_TEST "MANCODIGO "Identificador unico de la manzana" true true false 9 Text 0 0 ,First,#,E:\CargueInformacion\MapasPro.sde\ORDENAMIENTOTERRITORIAL.Catastro\ORDENAMIENTOTERRITORIAL.Catastro_Manz,MANCODIGO,-1,-1;SECCODIGO "Codigo Sector" true true false 6 Text 0 0 ,First,#,E:\CargueInformacion\MapasPro.sde\ORDENAMIENTOTERRITORIAL.Catastro\ORDENAMIENTOTERRITORIAL.Catastro_Manz,SECCODIGO,-1,-1;GLOBALID "GLOBALID" false false false 38 GlobalID 0 0 ,First,#,E:\CargueInformacion\MapasPro.sde\ORDENAMIENTOTERRITORIAL.Catastro\ORDENAMIENTOTERRITORIAL.Catastro_Manz,GLOBALID,-1,-1;SHAPE_AREA "SHAPE_AREA" false false true 0 Double 0 0 ,First,#,E:\CargueInformacion\MapasPro.sde\ORDENAMIENTOTERRITORIAL.Catastro\ORDENAMIENTOTERRITORIAL.Catastro_Manz,SHAPE.AREA,-1,-1;SHAPE_LEN "SHAPE_LEN" false false true 0 Double 0 0 ,First,#,E:\CargueInformacion\MapasPro.sde\ORDENAMIENTOTERRITORIAL.Catastro\ORDENAMIENTOTERRITORIAL.Catastro_Manz,SHAPE.LEN,-1,-1;MANCODIGO "Manzana_ID" true true false 9 Text 0 0 ,First,#,E:\CargueInformacion\scratch.gdb\ManzproW,MANMANZ_ID,-1,-1;SECCODIGO "Sector_ID" true true false 6 Text 0 0 ,First,#,E:\CargueInformacion\scratch.gdb\ManzproW,MANSECT_ID,-1,-1" #</Process><Process ToolSource="c:\program files (x86)\arcgis\desktop10.6\ArcToolbox\Toolboxes\Data Management Tools.tbx\TruncateTable" Date="20210427" Time="161751">TruncateTable E:\CargueInformacion\MapasPro.sde\ORDENAMIENTOTERRITORIAL.Catastro\ORDENAMIENTOTERRITORIAL.Catastro_Manz</Process><Process ToolSource="c:\program files (x86)\arcgis\desktop10.6\ArcToolbox\Toolboxes\Data Management Tools.tbx\Append" Date="20210427" Time="171242">Append E:\CargueInformacion\scratch.gdb\ManzproW E:\CargueInformacion\MapasPro.sde\ORDENAMIENTOTERRITORIAL.Catastro\ORDENAMIENTOTERRITORIAL.Catastro_Manz NO_TEST "MANCODIGO "Identificador unico de la manzana" true true false 9 Text 0 0 ,First,#,E:\CargueInformacion\MapasPro.sde\ORDENAMIENTOTERRITORIAL.Catastro\ORDENAMIENTOTERRITORIAL.Catastro_Manz,MANCODIGO,-1,-1;SECCODIGO "Codigo Sector" true true false 6 Text 0 0 ,First,#,E:\CargueInformacion\MapasPro.sde\ORDENAMIENTOTERRITORIAL.Catastro\ORDENAMIENTOTERRITORIAL.Catastro_Manz,SECCODIGO,-1,-1;GLOBALID "GLOBALID" false false false 38 GlobalID 0 0 ,First,#,E:\CargueInformacion\MapasPro.sde\ORDENAMIENTOTERRITORIAL.Catastro\ORDENAMIENTOTERRITORIAL.Catastro_Manz,GLOBALID,-1,-1;SHAPE_AREA "SHAPE_AREA" false false true 0 Double 0 0 ,First,#,E:\CargueInformacion\MapasPro.sde\ORDENAMIENTOTERRITORIAL.Catastro\ORDENAMIENTOTERRITORIAL.Catastro_Manz,SHAPE.AREA,-1,-1;SHAPE_LEN "SHAPE_LEN" false false true 0 Double 0 0 ,First,#,E:\CargueInformacion\MapasPro.sde\ORDENAMIENTOTERRITORIAL.Catastro\ORDENAMIENTOTERRITORIAL.Catastro_Manz,SHAPE.LEN,-1,-1;MANCODIGO "Manzana_ID" true true false 9 Text 0 0 ,First,#,E:\CargueInformacion\scratch.gdb\ManzproW,MANMANZ_ID,-1,-1;SECCODIGO "Sector_ID" true true false 6 Text 0 0 ,First,#,E:\CargueInformacion\scratch.gdb\ManzproW,MANSECT_ID,-1,-1" #</Process><Process ToolSource="c:\program files\arcgis\server\ArcToolbox\Toolboxes\Data Management Tools.tbx\TruncateTable" Date="20210429" Time="145141">TruncateTable E:\CargueInformacion\MapasPro.sde\ORDENAMIENTOTERRITORIAL.Catastro\ORDENAMIENTOTERRITORIAL.Catastro_Manz</Process><Process ToolSource="c:\program files\arcgis\server\ArcToolbox\Toolboxes\Data Management Tools.tbx\Append" Date="20210429" Time="145455">Append E:\CargueInformacion\scratch.gdb\ManzproW E:\CargueInformacion\MapasPro.sde\ORDENAMIENTOTERRITORIAL.Catastro\ORDENAMIENTOTERRITORIAL.Catastro_Manz NO_TEST "MANCODIGO "Identificador unico de la manzana" true true false 9 Text 0 0 ,First,#,E:\CargueInformacion\MapasPro.sde\ORDENAMIENTOTERRITORIAL.Catastro\ORDENAMIENTOTERRITORIAL.Catastro_Manz,MANCODIGO,-1,-1;SECCODIGO "Codigo Sector" true true false 6 Text 0 0 ,First,#,E:\CargueInformacion\MapasPro.sde\ORDENAMIENTOTERRITORIAL.Catastro\ORDENAMIENTOTERRITORIAL.Catastro_Manz,SECCODIGO,-1,-1;GLOBALID "GLOBALID" false false false 38 GlobalID 0 0 ,First,#,E:\CargueInformacion\MapasPro.sde\ORDENAMIENTOTERRITORIAL.Catastro\ORDENAMIENTOTERRITORIAL.Catastro_Manz,GLOBALID,-1,-1;SHAPE_AREA "SHAPE_AREA" false false true 0 Double 0 0 ,First,#,E:\CargueInformacion\MapasPro.sde\ORDENAMIENTOTERRITORIAL.Catastro\ORDENAMIENTOTERRITORIAL.Catastro_Manz,SHAPE.AREA,-1,-1;SHAPE_LEN "SHAPE_LEN" false false true 0 Double 0 0 ,First,#,E:\CargueInformacion\MapasPro.sde\ORDENAMIENTOTERRITORIAL.Catastro\ORDENAMIENTOTERRITORIAL.Catastro_Manz,SHAPE.LEN,-1,-1;MANCODIGO "Manzana_ID" true true false 9 Text 0 0 ,First,#,E:\CargueInformacion\scratch.gdb\ManzproW,MANMANZ_ID,-1,-1;SECCODIGO "Sector_ID" true true false 6 Text 0 0 ,First,#,E:\CargueInformacion\scratch.gdb\ManzproW,MANSECT_ID,-1,-1" #</Process><Process ToolSource="c:\program files\arcgis\pro\Resources\ArcToolbox\toolboxes\Conversion Tools.tbx\FeatureClassToFeatureClass" Date="20210430" Time="081908">FeatureClassToFeatureClass D:\Contenedor\Users\hcalderon\Documents\ArcGIS\Projects\catastro\mapaspro.sde\ORDENAMIENTOTERRITORIAL.Catastro\ORDENAMIENTOTERRITORIAL.Catastro_Manz "D:\Contenedor\Users\hcalderon\Desktop\GIC\PUBLICACION DE DATOS\2021\MR_0421\MR_0421.gdb\Area_Catastral" manz # "MANCODIGO "Identificador unico de la manzana" true true false 9 Text 0 0,First,#,D:\Contenedor\Users\hcalderon\Documents\ArcGIS\Projects\catastro\mapaspro.sde\ORDENAMIENTOTERRITORIAL.Catastro\ORDENAMIENTOTERRITORIAL.Catastro_Manz,MANCODIGO,0,9;SECCODIGO "Codigo Sector" true true false 6 Text 0 0,First,#,D:\Contenedor\Users\hcalderon\Documents\ArcGIS\Projects\catastro\mapaspro.sde\ORDENAMIENTOTERRITORIAL.Catastro\ORDENAMIENTOTERRITORIAL.Catastro_Manz,SECCODIGO,0,6;GLOBALID "GLOBALID" false false false 38 GlobalID 0 0,First,#,D:\Contenedor\Users\hcalderon\Documents\ArcGIS\Projects\catastro\mapaspro.sde\ORDENAMIENTOTERRITORIAL.Catastro\ORDENAMIENTOTERRITORIAL.Catastro_Manz,GLOBALID,-1,-1" #</Process></lineage><itemProps><itemLocation><linkage Sync="TRUE">file://\\SIEM7108EXE\D$\Contenedor\Users\hcalderon\Desktop\GIC\PUBLICACION DE DATOS\2021\MR_0421\MR_0421.gdb</linkage><protocol Sync="TRUE">Local Area Network</protocol></itemLocation><itemName Sync="TRUE">manz</itemName><imsContentType Sync="TRUE">002</imsContentType></itemProps><coordRef><type Sync="TRUE">Geographic</type><geogcsn Sync="TRUE">GCS_MAGNA</geogcsn><csUnits Sync="TRUE">Angular Unit: Degree (0.017453)</csUnits><peXml Sync="TRUE">&lt;GeographicCoordinateSystem xsi:type='typens:GeographicCoordinateSystem' xmlns:xsi='http://www.w3.org/2001/XMLSchema-instance' xmlns:xs='http://www.w3.org/2001/XMLSchema' xmlns:typens='http://www.esri.com/schemas/ArcGIS/2.1.0'&gt;&lt;WKT&gt;GEOGCS[&amp;quot;GCS_MAGNA&amp;quot;,DATUM[&amp;quot;D_MAGNA&amp;quot;,SPHEROID[&amp;quot;GRS_1980&amp;quot;,6378137.0,298.257222101]],PRIMEM[&amp;quot;Greenwich&amp;quot;,0.0],UNIT[&amp;quot;Degree&amp;quot;,0.0174532925199433],AUTHORITY[&amp;quot;EPSG&amp;quot;,4686]]&lt;/WKT&gt;&lt;XOrigin&gt;-400&lt;/XOrigin&gt;&lt;YOrigin&gt;-400&lt;/YOrigin&gt;&lt;XYScale&gt;999999999.99999988&lt;/XYScale&gt;&lt;ZOrigin&gt;-100000&lt;/ZOrigin&gt;&lt;ZScale&gt;10000&lt;/ZScale&gt;&lt;MOrigin&gt;-100000&lt;/MOrigin&gt;&lt;MScale&gt;10000&lt;/MScale&gt;&lt;XYTolerance&gt;8.9831528411952133e-09&lt;/XYTolerance&gt;&lt;ZTolerance&gt;0.001&lt;/ZTolerance&gt;&lt;MTolerance&gt;0.001&lt;/MTolerance&gt;&lt;HighPrecision&gt;true&lt;/HighPrecision&gt;&lt;LeftLongitude&gt;-180&lt;/LeftLongitude&gt;&lt;WKID&gt;4686&lt;/WKID&gt;&lt;LatestWKID&gt;4686&lt;/LatestWKID&gt;&lt;/GeographicCoordinateSystem&gt;</peXml></coordRef></DataProperties><SyncDate>20210430</SyncDate><SyncTime>08190200</SyncTime><ModDate>20210430</ModDate><ModTime>08190200</ModTime></Esri><dataIdInfo><envirDesc Sync="TRUE">Microsoft Windows 10 Version 10.0 (Build 19042) ; Esri ArcGIS 12.1.0.10257</envirDesc><dataLang><languageCode value="spa" Sync="TRUE"></languageCode><countryCode value="COL" Sync="TRUE"></countryCode></dataLang><idCitation><resTitle Sync="TRUE">manz</resTitle><presForm><PresFormCd value="005" Sync="TRUE"></PresFormCd></presForm></idCitation><spatRpType><SpatRepTypCd value="001" Sync="TRUE"></SpatRepTypCd></spatRpType></dataIdInfo><mdLang><languageCode value="spa" Sync="TRUE"></languageCode><countryCode value="COL" Sync="TRUE"></countryCode></mdLang><distInfo><distFormat><formatName Sync="TRUE">Clase de entidad de geodatabase de archivos</formatName></distFormat></distInfo><mdHrLv><ScopeCd value="005" Sync="TRUE"></ScopeCd></mdHrLv><mdHrLvName Sync="TRUE">dataset</mdHrLvName><refSysInfo><RefSystem><refSysID><identCode code="4686" Sync="TRUE"></identCode><idCodeSpace Sync="TRUE">EPSG</idCodeSpace><idVersion Sync="TRUE">7.6.4(9.2.0)</idVersion></refSysID></RefSystem></refSysInfo><spatRepInfo><VectSpatRep><geometObjs Name="manz"><geoObjTyp><GeoObjTypCd value="002" Sync="TRUE"></GeoObjTypCd></geoObjTyp><geoObjCnt Sync="TRUE">0</geoObjCnt></geometObjs><topLvl><TopoLevCd value="001" Sync="TRUE"></TopoLevCd></topLvl></VectSpatRep></spatRepInfo><spdoinfo><ptvctinf><esriterm Name="manz"><efeatyp Sync="TRUE">Simple</efeatyp><efeageom code="4" Sync="TRUE"></efeageom><esritopo Sync="TRUE">FALSE</esritopo><efeacnt Sync="TRUE">0</efeacnt><spindex Sync="TRUE">TRUE</spindex><linrefer Sync="TRUE">FALSE</linrefer></esriterm></ptvctinf></spdoinfo><eainfo><detailed Name="manz"><enttyp><enttypl Sync="TRUE">manz</enttypl><enttypt Sync="TRUE">Feature Class</enttypt><enttypc Sync="TRUE">0</enttypc></enttyp><attr><attrlabl Sync="TRUE">OBJECTID</attrlabl><attalias Sync="TRUE">OBJECTID</attalias><attrtype Sync="TRUE">OID</attrtype><attwidth Sync="TRUE">4</attwidth><atprecis Sync="TRUE">0</atprecis><attscale Sync="TRUE">0</attscale><attrdef Sync="TRUE">Internal feature number.</attrdef><attrdefs Sync="TRUE">Esri</attrdefs><attrdomv><udom Sync="TRUE">Sequential unique whole numbers that are automatically generated.</udom></attrdomv></attr><attr><attrlabl Sync="TRUE">Shape</attrlabl><attalias Sync="TRUE">Shape</attalias><attrtype Sync="TRUE">Geometry</attrtype><attwidth Sync="TRUE">0</attwidth><atprecis Sync="TRUE">0</atprecis><attscale Sync="TRUE">0</attscale><attrdef Sync="TRUE">Feature geometry.</attrdef><attrdefs Sync="TRUE">Esri</attrdefs><attrdomv><udom Sync="TRUE">Coordinates defining the features.</udom></attrdomv></attr><attr><attrlabl Sync="TRUE">MANCODIGO</attrlabl><attalias Sync="TRUE">Identificador unico de la manzana</attalias><attrtype Sync="TRUE">String</attrtype><attwidth Sync="TRUE">9</attwidth><atprecis Sync="TRUE">0</atprecis><attscale Sync="TRUE">0</attscale></attr><attr><attrlabl Sync="TRUE">SECCODIGO</attrlabl><attalias Sync="TRUE">Codigo Sector</attalias><attrtype Sync="TRUE">String</attrtype><attwidth Sync="TRUE">6</attwidth><atprecis Sync="TRUE">0</atprecis><attscale Sync="TRUE">0</attscale></attr><attr><attrlabl Sync="TRUE">GLOBALID</attrlabl><attalias Sync="TRUE">GLOBALID</attalias><attrtype Sync="TRUE">GlobalID</attrtype><attwidth Sync="TRUE">38</attwidth><atprecis Sync="TRUE">0</atprecis><attscale Sync="TRUE">0</attscale></attr><attr><attrlabl Sync="TRUE">Shape_Length</attrlabl><attalias Sync="TRUE">Shape_Length</attalias><attrtype Sync="TRUE">Double</attrtype><attwidth Sync="TRUE">8</attwidth><atprecis Sync="TRUE">0</atprecis><attscale Sync="TRUE">0</attscale><attrdef Sync="TRUE">Length of feature in internal units.</attrdef><attrdefs Sync="TRUE">Esri</attrdefs><attrdomv><udom Sync="TRUE">Positive real numbers that are automatically generated.</udom></attrdomv></attr><attr><attrlabl Sync="TRUE">Shape_Area</attrlabl><attalias Sync="TRUE">Shape_Area</attalias><attrtype Sync="TRUE">Double</attrtype><attwidth Sync="TRUE">8</attwidth><atprecis Sync="TRUE">0</atprecis><attscale Sync="TRUE">0</attscale><attrdef Sync="TRUE">Area of feature in internal units squared.</attrdef><attrdefs Sync="TRUE">Esri</attrdefs><attrdomv><udom Sync="TRUE">Positive real numbers that are automatically generated.</udom></attrdomv></attr></detailed></eainfo><mdDateSt Sync="TRUE">20210430</mdDateSt></metadata>
